_id,_teams,discriminator
313370127,"[{'school': 'Michigan State', 'conference': 'Big Ten', 'homeAway': 'home', 'points': 39, 'stats': [{'category': 'fumblesRecovered', 'stat': '0'}, {'category': 'rushingTDs', 'stat': '2'}, {'category': 'puntReturnYards', 'stat': '12'}, {'category': 'puntReturnTDs', 'stat': '0'}, {'category': 'puntReturns', 'stat': '5'}, {'category': 'passingTDs', 'stat': '3'}, {'category': 'kickReturnYards', 'stat': '128'}, {'category': 'kickReturnTDs', 'stat': '0'}, {'category': 'kickReturns', 'stat': '5'}, {'category': 'kickingPoints', 'stat': '7'}, {'category': 'firstDowns', 'stat': '23'}, {'category': 'thirdDownEff', 'stat': '7-13'}, {'category': 'fourthDownEff', 'stat': '1-1'}, {'category': 'totalYards', 'stat': '471'}, {'category': 'netPassingYards', 'stat': '281'}, {'category': 'completionAttempts', 'stat': '22-30'}, {'category': 'yardsPerPass', 'stat': '9.4'}, {'category': 'rushingYards', 'stat': '190'}, {'category': 'rushingAttempts', 'stat': '34'}, {'category': 'yardsPerRushAttempt', 'stat': '5.6'}, {'category': 'totalPenaltiesYards', 'stat': '7-50'}, {'category': 'turnovers', 'stat': '2'}, {'category': 'fumblesLost', 'stat': '1'}, {'category': 'interceptions', 'stat': '1'}, {'category': 'possessionTime', 'stat': '18:18'}]}, {'school': 'Wisconsin', 'conference': 'Big Ten', 'homeAway': 'away', 'points': 42, 'stats': [{'category': 'fumblesRecovered', 'stat': '1'}, {'category': 'rushingTDs', 'stat': '3'}, {'category': 'puntReturnYards', 'stat': '11'}, {'category': 'puntReturnTDs', 'stat': '0'}, {'category': 'puntReturns', 'stat': '2'}, {'category': 'passingTDs', 'stat': '3'}, {'category': 'kickReturnYards', 'stat': '141'}, {'category': 'kickReturnTDs', 'stat': '0'}, {'category': 'kickReturns', 'stat': '5'}, {'category': 'kickingPoints', 'stat': '4'}, {'category': 'interceptionYards', 'stat': '0'}, {'category': 'interceptionTDs', 'stat': '0'}, {'category': 'passesIntercepted', 'stat': '1'}, {'category': 'firstDowns', 'stat': '16'}, {'category': 'thirdDownEff', 'stat': '6-14'}, {'category': 'fourthDownEff', 'stat': '1-1'}, {'category': 'totalYards', 'stat': '345'}, {'category': 'netPassingYards', 'stat': '234'}, {'category': 'completionAttempts', 'stat': '18-25'}, {'category': 'yardsPerPass', 'stat': '8.8'}, {'category': 'rushingYards', 'stat': '126'}, {'category': 'rushingAttempts', 'stat': '37'}, {'category': 'yardsPerRushAttempt', 'stat': '3.4'}, {'category': 'totalPenaltiesYards', 'stat': '5-30'}, {'category': 'turnovers', 'stat': '0'}, {'category': 'fumblesLost', 'stat': '0'}, {'category': 'interceptions', 'stat': '0'}, {'category': 'possessionTime', 'stat': '18:16'}]}]",
313370197,"[{'school': 'Oklahoma State', 'conference': 'Big 12', 'homeAway': 'home', 'points': 44, 'stats': [{'category': 'fumblesRecovered', 'stat': '3'}, {'category': 'rushingTDs', 'stat': '4'}, {'category': 'puntReturnYards', 'stat': '0'}, {'category': 'puntReturnTDs', 'stat': '0'}, {'category': 'puntReturns', 'stat': '6'}, {'category': 'passingTDs', 'stat': '0'}, {'category': 'kickReturnYards', 'stat': '2'}, {'category': 'kickReturnTDs', 'stat': '0'}, {'category': 'kickReturns', 'stat': '1'}, {'category': 'kickingPoints', 'stat': '14'}, {'category': 'interceptionYards', 'stat': '0'}, {'category': 'interceptionTDs', 'stat': '0'}, {'category': 'passesIntercepted', 'stat': '2'}, {'category': 'firstDowns', 'stat': '22'}, {'category': 'thirdDownEff', 'stat': '4-13'}, {'category': 'fourthDownEff', 'stat': '0-0'}, {'category': 'totalYards', 'stat': '495'}, {'category': 'netPassingYards', 'stat': '217'}, {'category': 'completionAttempts', 'stat': '24-36'}, {'category': 'yardsPerPass', 'stat': '6.0'}, {'category': 'rushingYards', 'stat': '278'}, {'category': 'rushingAttempts', 'stat': '33'}, {'category': 'yardsPerRushAttempt', 'stat': '8.4'}, {'category': 'totalPenaltiesYards', 'stat': '5-40'}, {'category': 'turnovers', 'stat': '1'}, {'category': 'fumblesLost', 'stat': '1'}, {'category': 'interceptions', 'stat': '0'}, {'category': 'possessionTime', 'stat': '17:33'}]}, {'school': 'Oklahoma', 'conference': 'Big 12', 'homeAway': 'away', 'points': 10, 'stats': [{'category': 'fumblesRecovered', 'stat': '1'}, {'category': 'rushingTDs', 'stat': '1'}, {'category': 'puntReturnYards', 'stat': '0'}, {'category': 'puntReturnTDs', 'stat': '0'}, {'category': 'puntReturns', 'stat': '3'}, {'category': 'passingTDs', 'stat': '0'}, {'category': 'kickReturnYards', 'stat': '62'}, {'category': 'kickReturnTDs', 'stat': '0'}, {'category': 'kickReturns', 'stat': '3'}, {'category': 'kickingPoints', 'stat': '4'}, {'category': 'firstDowns', 'stat': '24'}, {'category': 'thirdDownEff', 'stat': '4-15'}, {'category': 'fourthDownEff', 'stat': '1-1'}, {'category': 'totalYards', 'stat': '358'}, {'category': 'netPassingYards', 'stat': '294'}, {'category': 'completionAttempts', 'stat': '27-50'}, {'category': 'yardsPerPass', 'stat': '5.0'}, {'category': 'rushingYards', 'stat': '108'}, {'category': 'rushingAttempts', 'stat': '33'}, {'category': 'yardsPerRushAttempt', 'stat': '3.3'}, {'category': 'totalPenaltiesYards', 'stat': '5-54'}, {'category': 'turnovers', 'stat': '5'}, {'category': 'fumblesLost', 'stat': '3'}, {'category': 'interceptions', 'stat': '2'}, {'category': 'possessionTime', 'stat': '19:07'}]}]",
313370021,"[{'school': 'San Diego State', 'conference': 'Mountain West', 'homeAway': 'home', 'points': 35, 'stats': [{'category': 'fumblesRecovered', 'stat': '0'}, {'category': 'rushingTDs', 'stat': '5'}, {'category': 'puntReturnYards', 'stat': '7'}, {'category': 'puntReturnTDs', 'stat': '0'}, {'category': 'puntReturns', 'stat': '4'}, {'category': 'passingTDs', 'stat': '0'}, {'category': 'kickReturnYards', 'stat': '94'}, {'category': 'kickReturnTDs', 'stat': '0'}, {'category': 'kickReturns', 'stat': '5'}, {'category': 'kickingPoints', 'stat': '5'}, {'category': 'interceptionYards', 'stat': '0'}, {'category': 'interceptionTDs', 'stat': '0'}, {'category': 'passesIntercepted', 'stat': '1'}, {'category': 'firstDowns', 'stat': '23'}, {'category': 'thirdDownEff', 'stat': '5-15'}, {'category': 'fourthDownEff', 'stat': '2-3'}, {'category': 'totalYards', 'stat': '496'}, {'category': 'netPassingYards', 'stat': '296'}, {'category': 'completionAttempts', 'stat': '21-40'}, {'category': 'yardsPerPass', 'stat': '7.0'}, {'category': 'rushingYards', 'stat': '215'}, {'category': 'rushingAttempts', 'stat': '38'}, {'category': 'yardsPerRushAttempt', 'stat': '5.7'}, {'category': 'totalPenaltiesYards', 'stat': '3-26'}, {'category': 'turnovers', 'stat': '0'}, {'category': 'fumblesLost', 'stat': '0'}, {'category': 'interceptions', 'stat': '0'}, {'category': 'possessionTime', 'stat': '18:12'}]}, {'school': 'Fresno State', 'conference': 'Western Athletic', 'homeAway': 'away', 'points': 28, 'stats': [{'category': 'fumblesRecovered', 'stat': '0'}, {'category': 'rushingTDs', 'stat': '1'}, {'category': 'puntReturnYards', 'stat': '13'}, {'category': 'puntReturnTDs', 'stat': '0'}, {'category': 'puntReturns', 'stat': '2'}, {'category': 'passingTDs', 'stat': '2'}, {'category': 'kickReturnYards', 'stat': '175'}, {'category': 'kickReturnTDs', 'stat': '0'}, {'category': 'kickReturns', 'stat': '6'}, {'category': 'kickingPoints', 'stat': '4'}, {'category': 'firstDowns', 'stat': '13'}, {'category': 'thirdDownEff', 'stat': '8-18'}, {'category': 'fourthDownEff', 'stat': '0-0'}, {'category': 'totalYards', 'stat': '384'}, {'category': 'netPassingYards', 'stat': '364'}, {'category': 'completionAttempts', 'stat': '19-35'}, {'category': 'yardsPerPass', 'stat': '9.6'}, {'category': 'rushingYards', 'stat': '48'}, {'category': 'rushingAttempts', 'stat': '28'}, {'category': 'yardsPerRushAttempt', 'stat': '1.7'}, {'category': 'totalPenaltiesYards', 'stat': '10-75'}, {'category': 'turnovers', 'stat': '1'}, {'category': 'fumblesLost', 'stat': '0'}, {'category': 'interceptions', 'stat': '1'}, {'category': 'possessionTime', 'stat': '18:28'}]}]",
313370228,"[{'school': 'Clemson', 'conference': 'ACC', 'homeAway': 'home', 'points': 38, 'stats': [{'category': 'fumblesRecovered', 'stat': '1'}, {'category': 'rushingTDs', 'stat': '2'}, {'category': 'puntReturnYards', 'stat': '3'}, {'category': 'puntReturnTDs', 'stat': '0'}, {'category': 'puntReturns', 'stat': '2'}, {'category': 'passingTDs', 'stat': '3'}, {'category': 'kickReturnYards', 'stat': '39'}, {'category': 'kickReturnTDs', 'stat': '0'}, {'category': 'kickReturns', 'stat': '2'}, {'category': 'kickingPoints', 'stat': '8'}, {'category': 'interceptionYards', 'stat': '105'}, {'category': 'interceptionTDs', 'stat': '0'}, {'category': 'passesIntercepted', 'stat': '2'}, {'category': 'firstDowns', 'stat': '25'}, {'category': 'thirdDownEff', 'stat': '6-14'}, {'category': 'fourthDownEff', 'stat': '0-1'}, {'category': 'totalYards', 'stat': '457'}, {'category': 'netPassingYards', 'stat': '246'}, {'category': 'completionAttempts', 'stat': '20-30'}, {'category': 'yardsPerPass', 'stat': '8.0'}, {'category': 'rushingYards', 'stat': '217'}, {'category': 'rushingAttempts', 'stat': '45'}, {'category': 'yardsPerRushAttempt', 'stat': '4.8'}, {'category': 'totalPenaltiesYards', 'stat': '5-35'}, {'category': 'turnovers', 'stat': '0'}, {'category': 'fumblesLost', 'stat': '0'}, {'category': 'interceptions', 'stat': '0'}, {'category': 'possessionTime', 'stat': '18:04'}]}, {'school': 'Virginia Tech', 'conference': 'ACC', 'homeAway': 'away', 'points': 10, 'stats': [{'category': 'fumblesRecovered', 'stat': '0'}, {'category': 'rushingTDs', 'stat': '0'}, {'category': 'puntReturnYards', 'stat': '0'}, {'category': 'puntReturnTDs', 'stat': '0'}, {'category': 'puntReturns', 'stat': '2'}, {'category': 'passingTDs', 'stat': '1'}, {'category': 'kickReturnYards', 'stat': '135'}, {'category': 'kickReturnTDs', 'stat': '0'}, {'category': 'kickReturns', 'stat': '6'}, {'category': 'kickingPoints', 'stat': '4'}, {'category': 'firstDowns', 'stat': '19'}, {'category': 'thirdDownEff', 'stat': '7-16'}, {'category': 'fourthDownEff', 'stat': '1-3'}, {'category': 'totalYards', 'stat': '330'}, {'category': 'netPassingYards', 'stat': '296'}, {'category': 'completionAttempts', 'stat': '22-44'}, {'category': 'yardsPerPass', 'stat': '6.2'}, {'category': 'rushingYards', 'stat': '56'}, {'category': 'rushingAttempts', 'stat': '29'}, {'category': 'yardsPerRushAttempt', 'stat': '1.9'}, {'category': 'totalPenaltiesYards', 'stat': '9-91'}, {'category': 'turnovers', 'stat': '3'}, {'category': 'fumblesLost', 'stat': '1'}, {'category': 'interceptions', 'stat': '2'}, {'category': 'possessionTime', 'stat': '17:49'}]}]",
313370062,"[{'school': 'BYU', 'conference': 'FBS Independents', 'homeAway': 'away', 'points': 41, 'stats': [{'category': 'fumblesRecovered', 'stat': '1'}, {'category': 'rushingTDs', 'stat': '1'}, {'category': 'puntReturnYards', 'stat': '0'}, {'category': 'puntReturnTDs', 'stat': '0'}, {'category': 'puntReturns', 'stat': '5'}, {'category': 'passingTDs', 'stat': '3'}, {'category': 'kickReturnYards', 'stat': '60'}, {'category': 'kickReturnTDs', 'stat': '0'}, {'category': 'kickReturns', 'stat': '2'}, {'category': 'kickingPoints', 'stat': '11'}, {'category': 'firstDowns', 'stat': '28'}, {'category': 'thirdDownEff', 'stat': '8-16'}, {'category': 'fourthDownEff', 'stat': '0-0'}, {'category': 'totalYards', 'stat': '530'}, {'category': 'netPassingYards', 'stat': '381'}, {'category': 'completionAttempts', 'stat': '25-38'}, {'category': 'yardsPerPass', 'stat': '9.6'}, {'category': 'rushingYards', 'stat': '167'}, {'category': 'rushingAttempts', 'stat': '38'}, {'category': 'yardsPerRushAttempt', 'stat': '4.4'}, {'category': 'totalPenaltiesYards', 'stat': '5-55'}, {'category': 'turnovers', 'stat': '0'}, {'category': 'fumblesLost', 'stat': '0'}, {'category': 'interceptions', 'stat': '0'}, {'category': 'possessionTime', 'stat': '21:17'}]}, {'school': ""Hawai'i"", 'conference': 'Western Athletic', 'homeAway': 'home', 'points': 20, 'stats': [{'category': 'fumblesRecovered', 'stat': '0'}, {'category': 'rushingTDs', 'stat': '1'}, {'category': 'puntReturnYards', 'stat': '10'}, {'category': 'puntReturnTDs', 'stat': '0'}, {'category': 'puntReturns', 'stat': '1'}, {'category': 'passingTDs', 'stat': '2'}, {'category': 'kickReturnYards', 'stat': '117'}, {'category': 'kickReturnTDs', 'stat': '0'}, {'category': 'kickReturns', 'stat': '5'}, {'category': 'kickingPoints', 'stat': '2'}, {'category': 'firstDowns', 'stat': '16'}, {'category': 'thirdDownEff', 'stat': '5-15'}, {'category': 'fourthDownEff', 'stat': '2-2'}, {'category': 'totalYards', 'stat': '299'}, {'category': 'netPassingYards', 'stat': '301'}, {'category': 'completionAttempts', 'stat': '25-47'}, {'category': 'yardsPerPass', 'stat': '6.0'}, {'category': 'rushingYards', 'stat': '17'}, {'category': 'rushingAttempts', 'stat': '16'}, {'category': 'yardsPerRushAttempt', 'stat': '1.1'}, {'category': 'totalPenaltiesYards', 'stat': '8-65'}, {'category': 'turnovers', 'stat': '1'}, {'category': 'fumblesLost', 'stat': '1'}, {'category': 'interceptions', 'stat': '0'}, {'category': 'possessionTime', 'stat': '15:26'}]}]",
313370068,"[{'school': 'New Mexico', 'conference': 'Mountain West', 'homeAway': 'away', 'points': 0, 'stats': [{'category': 'fumblesRecovered', 'stat': '0'}, {'category': 'rushingTDs', 'stat': '0'}, {'category': 'puntReturnYards', 'stat': '0'}, {'category': 'puntReturnTDs', 'stat': '0'}, {'category': 'puntReturns', 'stat': '1'}, {'category': 'passingTDs', 'stat': '0'}, {'category': 'kickReturnYards', 'stat': '78'}, {'category': 'kickReturnTDs', 'stat': '0'}, {'category': 'kickReturns', 'stat': '5'}, {'category': 'interceptionYards', 'stat': '1'}, {'category': 'interceptionTDs', 'stat': '0'}, {'category': 'passesIntercepted', 'stat': '1'}, {'category': 'firstDowns', 'stat': '8'}, {'category': 'thirdDownEff', 'stat': '3-15'}, {'category': 'fourthDownEff', 'stat': '2-5'}, {'category': 'totalYards', 'stat': '197'}, {'category': 'netPassingYards', 'stat': '155'}, {'category': 'completionAttempts', 'stat': '16-28'}, {'category': 'yardsPerPass', 'stat': '5.2'}, {'category': 'rushingYards', 'stat': '52'}, {'category': 'rushingAttempts', 'stat': '28'}, {'category': 'yardsPerRushAttempt', 'stat': '1.9'}, {'category': 'totalPenaltiesYards', 'stat': '5-43'}, {'category': 'turnovers', 'stat': '0'}, {'category': 'fumblesLost', 'stat': '0'}, {'category': 'interceptions', 'stat': '0'}, {'category': 'possessionTime', 'stat': '17:09'}]}, {'school': 'Boise State', 'conference': 'Mountain West', 'homeAway': 'home', 'points': 45, 'stats': [{'category': 'fumblesRecovered', 'stat': '0'}, {'category': 'rushingTDs', 'stat': '3'}, {'category': 'puntReturnYards', 'stat': '44'}, {'category': 'puntReturnTDs', 'stat': '0'}, {'category': 'puntReturns', 'stat': '5'}, {'category': 'passingTDs', 'stat': '3'}, {'category': 'kickReturnYards', 'stat': '2'}, {'category': 'kickReturnTDs', 'stat': '0'}, {'category': 'kickReturns', 'stat': '1'}, {'category': 'kickingPoints', 'stat': '9'}, {'category': 'firstDowns', 'stat': '31'}, {'category': 'thirdDownEff', 'stat': '7-14'}, {'category': 'fourthDownEff', 'stat': '2-4'}, {'category': 'totalYards', 'stat': '543'}, {'category': 'netPassingYards', 'stat': '402'}, {'category': 'completionAttempts', 'stat': '37-45'}, {'category': 'yardsPerPass', 'stat': '8.8'}, {'category': 'rushingYards', 'stat': '149'}, {'category': 'rushingAttempts', 'stat': '37'}, {'category': 'yardsPerRushAttempt', 'stat': '4.0'}, {'category': 'totalPenaltiesYards', 'stat': '4-24'}, {'category': 'turnovers', 'stat': '1'}, {'category': 'fumblesLost', 'stat': '0'}, {'category': 'interceptions', 'stat': '1'}, {'category': 'possessionTime', 'stat': '19:31'}]}]",
313372440,"[{'school': 'Nevada', 'conference': 'Western Athletic', 'homeAway': 'home', 'points': 56, 'stats': [{'category': 'fumblesRecovered', 'stat': '0'}, {'category': 'rushingTDs', 'stat': '1'}, {'category': 'puntReturnYards', 'stat': '-2'}, {'category': 'puntReturnTDs', 'stat': '0'}, {'category': 'puntReturns', 'stat': '4'}, {'category': 'passingTDs', 'stat': '6'}, {'category': 'kickReturnYards', 'stat': '21'}, {'category': 'kickReturnTDs', 'stat': '0'}, {'category': 'kickReturns', 'stat': '1'}, {'category': 'kickingPoints', 'stat': '8'}, {'category': 'interceptionYards', 'stat': '74'}, {'category': 'interceptionTDs', 'stat': '1'}, {'category': 'passesIntercepted', 'stat': '3'}, {'category': 'firstDowns', 'stat': '35'}, {'category': 'thirdDownEff', 'stat': '9-14'}, {'category': 'fourthDownEff', 'stat': '1-1'}, {'category': 'totalYards', 'stat': '587'}, {'category': 'netPassingYards', 'stat': '376'}, {'category': 'completionAttempts', 'stat': '29-37'}, {'category': 'yardsPerPass', 'stat': '9.8'}, {'category': 'rushingYards', 'stat': '226'}, {'category': 'rushingAttempts', 'stat': '45'}, {'category': 'yardsPerRushAttempt', 'stat': '5.0'}, {'category': 'totalPenaltiesYards', 'stat': '6-45'}, {'category': 'turnovers', 'stat': '0'}, {'category': 'fumblesLost', 'stat': '0'}, {'category': 'interceptions', 'stat': '0'}, {'category': 'possessionTime', 'stat': '21:42'}]}, {'school': 'Idaho', 'conference': 'Western Athletic', 'homeAway': 'away', 'points': 3, 'stats': [{'category': 'fumblesRecovered', 'stat': '0'}, {'category': 'rushingTDs', 'stat': '0'}, {'category': 'puntReturnYards', 'stat': '21'}, {'category': 'puntReturnTDs', 'stat': '0'}, {'category': 'puntReturns', 'stat': '2'}, {'category': 'passingTDs', 'stat': '0'}, {'category': 'kickReturnYards', 'stat': '220'}, {'category': 'kickReturnTDs', 'stat': '0'}, {'category': 'kickReturns', 'stat': '10'}, {'category': 'kickingPoints', 'stat': '3'}, {'category': 'firstDowns', 'stat': '13'}, {'category': 'thirdDownEff', 'stat': '6-16'}, {'category': 'fourthDownEff', 'stat': '0-1'}, {'category': 'totalYards', 'stat': '306'}, {'category': 'netPassingYards', 'stat': '179'}, {'category': 'completionAttempts', 'stat': '13-36'}, {'category': 'yardsPerPass', 'stat': '4.9'}, {'category': 'rushingYards', 'stat': '128'}, {'category': 'rushingAttempts', 'stat': '27'}, {'category': 'yardsPerRushAttempt', 'stat': '4.7'}, {'category': 'totalPenaltiesYards', 'stat': '9-78'}, {'category': 'turnovers', 'stat': '3'}, {'category': 'fumblesLost', 'stat': '0'}, {'category': 'interceptions', 'stat': '3'}, {'category': 'possessionTime', 'stat': '14:20'}]}]",
313370249,"[{'school': 'Middle Tennessee', 'conference': 'Sun Belt', 'homeAway': 'away', 'points': 7, 'stats': [{'category': 'fumblesRecovered', 'stat': '1'}, {'category': 'rushingTDs', 'stat': '0'}, {'category': 'puntReturnYards', 'stat': '-1'}, {'category': 'puntReturnTDs', 'stat': '0'}, {'category': 'puntReturns', 'stat': '1'}, {'category': 'passingTDs', 'stat': '1'}, {'category': 'kickReturnYards', 'stat': '194'}, {'category': 'kickReturnTDs', 'stat': '0'}, {'category': 'kickReturns', 'stat': '9'}, {'category': 'kickingPoints', 'stat': '1'}, {'category': 'firstDowns', 'stat': '13'}, {'category': 'thirdDownEff', 'stat': '5-18'}, {'category': 'fourthDownEff', 'stat': '0-2'}, {'category': 'totalYards', 'stat': '231'}, {'category': 'netPassingYards', 'stat': '94'}, {'category': 'completionAttempts', 'stat': '10-28'}, {'category': 'yardsPerPass', 'stat': '3.3'}, {'category': 'rushingYards', 'stat': '140'}, {'category': 'rushingAttempts', 'stat': '38'}, {'category': 'yardsPerRushAttempt', 'stat': '3.7'}, {'category': 'totalPenaltiesYards', 'stat': '5-44'}, {'category': 'turnovers', 'stat': '3'}, {'category': 'fumblesLost', 'stat': '3'}, {'category': 'interceptions', 'stat': '0'}, {'category': 'possessionTime', 'stat': '22:13'}]}, {'school': 'North Texas', 'conference': 'Sun Belt', 'homeAway': 'home', 'points': 59, 'stats': [{'category': 'fumblesRecovered', 'stat': '3'}, {'category': 'rushingTDs', 'stat': '7'}, {'category': 'puntReturnYards', 'stat': '54'}, {'category': 'puntReturnTDs', 'stat': '1'}, {'category': 'puntReturns', 'stat': '8'}, {'category': 'passingTDs', 'stat': '0'}, {'category': 'kickReturnYards', 'stat': '44'}, {'category': 'kickReturnTDs', 'stat': '0'}, {'category': 'kickReturns', 'stat': '2'}, {'category': 'kickingPoints', 'stat': '11'}, {'category': 'firstDowns', 'stat': '20'}, {'category': 'thirdDownEff', 'stat': '9-18'}, {'category': 'fourthDownEff', 'stat': '3-4'}, {'category': 'totalYards', 'stat': '487'}, {'category': 'netPassingYards', 'stat': '23'}, {'category': 'completionAttempts', 'stat': '2-7'}, {'category': 'yardsPerPass', 'stat': '3.3'}, {'category': 'rushingYards', 'stat': '464'}, {'category': 'rushingAttempts', 'stat': '69'}, {'category': 'yardsPerRushAttempt', 'stat': '6.7'}, {'category': 'totalPenaltiesYards', 'stat': '3-25'}, {'category': 'turnovers', 'stat': '1'}, {'category': 'fumblesLost', 'stat': '1'}, {'category': 'interceptions', 'stat': '0'}, {'category': 'possessionTime', 'stat': '22:36'}]}]",
313370099,"[{'school': 'LSU', 'conference': 'SEC', 'homeAway': 'home', 'points': 42, 'stats': [{'category': 'fumblesRecovered', 'stat': '1'}, {'category': 'rushingTDs', 'stat': '3'}, {'category': 'puntReturnYards', 'stat': '127'}, {'category': 'puntReturnTDs', 'stat': '1'}, {'category': 'puntReturns', 'stat': '6'}, {'category': 'passingTDs', 'stat': '1'}, {'category': 'kickReturnYards', 'stat': '30'}, {'category': 'kickReturnTDs', 'stat': '0'}, {'category': 'kickReturns', 'stat': '2'}, {'category': 'kickingPoints', 'stat': '6'}, {'category': 'interceptionYards', 'stat': '45'}, {'category': 'interceptionTDs', 'stat': '1'}, {'category': 'passesIntercepted', 'stat': '2'}, {'category': 'firstDowns', 'stat': '13'}, {'category': 'thirdDownEff', 'stat': '1-9'}, {'category': 'fourthDownEff', 'stat': '0-0'}, {'category': 'totalYards', 'stat': '237'}, {'category': 'netPassingYards', 'stat': '53'}, {'category': 'completionAttempts', 'stat': '5-13'}, {'category': 'yardsPerPass', 'stat': '2.3'}, {'category': 'rushingYards', 'stat': '207'}, {'category': 'rushingAttempts', 'stat': '35'}, {'category': 'yardsPerRushAttempt', 'stat': '5.9'}, {'category': 'totalPenaltiesYards', 'stat': '8-54'}, {'category': 'turnovers', 'stat': '0'}, {'category': 'fumblesLost', 'stat': '0'}, {'category': 'interceptions', 'stat': '0'}, {'category': 'possessionTime', 'stat': '14:04'}]}, {'school': 'Georgia', 'conference': 'SEC', 'homeAway': 'away', 'points': 10, 'stats': [{'category': 'fumblesRecovered', 'stat': '0'}, {'category': 'rushingTDs', 'stat': '0'}, {'category': 'puntReturnYards', 'stat': '0'}, {'category': 'puntReturnTDs', 'stat': '0'}, {'category': 'puntReturns', 'stat': '6'}, {'category': 'passingTDs', 'stat': '1'}, {'category': 'kickReturnYards', 'stat': '91'}, {'category': 'kickReturnTDs', 'stat': '0'}, {'category': 'kickReturns', 'stat': '5'}, {'category': 'kickingPoints', 'stat': '4'}, {'category': 'firstDowns', 'stat': '19'}, {'category': 'thirdDownEff', 'stat': '7-21'}, {'category': 'fourthDownEff', 'stat': '1-2'}, {'category': 'totalYards', 'stat': '296'}, {'category': 'netPassingYards', 'stat': '250'}, {'category': 'completionAttempts', 'stat': '20-51'}, {'category': 'yardsPerPass', 'stat': '4.3'}, {'category': 'rushingYards', 'stat': '78'}, {'category': 'rushingAttempts', 'stat': '34'}, {'category': 'yardsPerRushAttempt', 'stat': '2.3'}, {'category': 'totalPenaltiesYards', 'stat': '9-87'}, {'category': 'turnovers', 'stat': '3'}, {'category': 'fumblesLost', 'stat': '1'}, {'category': 'interceptions', 'stat': '2'}, {'category': 'possessionTime', 'stat': '22:36'}]}]",
313370166,"[{'school': 'New Mexico State', 'conference': 'Western Athletic', 'homeAway': 'home', 'points': 21, 'stats': [{'category': 'fumblesRecovered', 'stat': '1'}, {'category': 'rushingTDs', 'stat': '2'}, {'category': 'passingTDs', 'stat': '1'}, {'category': 'kickReturnYards', 'stat': '68'}, {'category': 'kickReturnTDs', 'stat': '0'}, {'category': 'kickReturns', 'stat': '3'}, {'category': 'kickingPoints', 'stat': '3'}, {'category': 'interceptionYards', 'stat': '0'}, {'category': 'interceptionTDs', 'stat': '0'}, {'category': 'passesIntercepted', 'stat': '1'}, {'category': 'firstDowns', 'stat': '17'}, {'category': 'thirdDownEff', 'stat': '4-14'}, {'category': 'fourthDownEff', 'stat': '0-0'}, {'category': 'totalYards', 'stat': '397'}, {'category': 'netPassingYards', 'stat': '263'}, {'category': 'completionAttempts', 'stat': '17-40'}, {'category': 'yardsPerPass', 'stat': '6.3'}, {'category': 'rushingYards', 'stat': '145'}, {'category': 'rushingAttempts', 'stat': '24'}, {'category': 'yardsPerRushAttempt', 'stat': '6.0'}, {'category': 'totalPenaltiesYards', 'stat': '3-20'}, {'category': 'turnovers', 'stat': '3'}, {'category': 'fumblesLost', 'stat': '1'}, {'category': 'interceptions', 'stat': '2'}, {'category': 'possessionTime', 'stat': '13:05'}]}, {'school': 'Utah State', 'conference': 'Western Athletic', 'homeAway': 'away', 'points': 24, 'stats': [{'category': 'fumblesRecovered', 'stat': '1'}, {'category': 'rushingTDs', 'stat': '0'}, {'category': 'puntReturnYards', 'stat': '10'}, {'category': 'puntReturnTDs', 'stat': '0'}, {'category': 'puntReturns', 'stat': '4'}, {'category': 'passingTDs', 'stat': '3'}, {'category': 'kickReturnYards', 'stat': '86'}, {'category': 'kickReturnTDs', 'stat': '0'}, {'category': 'kickReturns', 'stat': '4'}, {'category': 'kickingPoints', 'stat': '6'}, {'category': 'interceptionYards', 'stat': '0'}, {'category': 'interceptionTDs', 'stat': '0'}, {'category': 'passesIntercepted', 'stat': '2'}, {'category': 'firstDowns', 'stat': '28'}, {'category': 'thirdDownEff', 'stat': '8-17'}, {'category': 'fourthDownEff', 'stat': '1-3'}, {'category': 'totalYards', 'stat': '515'}, {'category': 'netPassingYards', 'stat': '124'}, {'category': 'completionAttempts', 'stat': '12-17'}, {'category': 'yardsPerPass', 'stat': '7.2'}, {'category': 'rushingYards', 'stat': '392'}, {'category': 'rushingAttempts', 'stat': '73'}, {'category': 'yardsPerRushAttempt', 'stat': '5.4'}, {'category': 'totalPenaltiesYards', 'stat': '4-40'}, {'category': 'turnovers', 'stat': '2'}, {'category': 'fumblesLost', 'stat': '1'}, {'category': 'interceptions', 'stat': '1'}, {'category': 'possessionTime', 'stat': '22:53'}]}]",
313370239,"[{'school': 'Texas', 'conference': 'Big 12', 'homeAway': 'away', 'points': 24, 'stats': [{'category': 'fumblesRecovered', 'stat': '0'}, {'category': 'rushingTDs', 'stat': '0'}, {'category': 'passingTDs', 'stat': '3'}, {'category': 'kickReturnYards', 'stat': '128'}, {'category': 'kickReturnTDs', 'stat': '0'}, {'category': 'kickReturns', 'stat': '6'}, {'category': 'kickingPoints', 'stat': '6'}, {'category': 'interceptionYards', 'stat': '0'}, {'category': 'interceptionTDs', 'stat': '0'}, {'category': 'passesIntercepted', 'stat': '1'}, {'category': 'firstDowns', 'stat': '22'}, {'category': 'thirdDownEff', 'stat': '14-22'}, {'category': 'fourthDownEff', 'stat': '0-1'}, {'category': 'totalYards', 'stat': '557'}, {'category': 'netPassingYards', 'stat': '368'}, {'category': 'completionAttempts', 'stat': '24-40'}, {'category': 'yardsPerPass', 'stat': '8.9'}, {'category': 'rushingYards', 'stat': '201'}, {'category': 'rushingAttempts', 'stat': '45'}, {'category': 'yardsPerRushAttempt', 'stat': '4.5'}, {'category': 'totalPenaltiesYards', 'stat': '12-105'}, {'category': 'turnovers', 'stat': '6'}, {'category': 'fumblesLost', 'stat': '2'}, {'category': 'interceptions', 'stat': '4'}, {'category': 'possessionTime', 'stat': '23:10'}]}, {'school': 'Baylor', 'conference': 'Big 12', 'homeAway': 'home', 'points': 48, 'stats': [{'category': 'fumblesRecovered', 'stat': '2'}, {'category': 'rushingTDs', 'stat': '4'}, {'category': 'passingTDs', 'stat': '2'}, {'category': 'kickReturnYards', 'stat': '118'}, {'category': 'kickReturnTDs', 'stat': '0'}, {'category': 'kickReturns', 'stat': '5'}, {'category': 'kickingPoints', 'stat': '12'}, {'category': 'interceptionYards', 'stat': '90'}, {'category': 'interceptionTDs', 'stat': '0'}, {'category': 'passesIntercepted', 'stat': '4'}, {'category': 'firstDowns', 'stat': '24'}, {'category': 'thirdDownEff', 'stat': '3-8'}, {'category': 'fourthDownEff', 'stat': '0-0'}, {'category': 'totalYards', 'stat': '511'}, {'category': 'netPassingYards', 'stat': '324'}, {'category': 'completionAttempts', 'stat': '15-22'}, {'category': 'yardsPerPass', 'stat': '14.5'}, {'category': 'rushingYards', 'stat': '191'}, {'category': 'rushingAttempts', 'stat': '38'}, {'category': 'yardsPerRushAttempt', 'stat': '5.0'}, {'category': 'totalPenaltiesYards', 'stat': '6-45'}, {'category': 'turnovers', 'stat': '1'}, {'category': 'fumblesLost', 'stat': '0'}, {'category': 'interceptions', 'stat': '1'}, {'category': 'possessionTime', 'stat': '13:30'}]}]",
313372628,"[{'school': 'TCU', 'conference': 'Mountain West', 'homeAway': 'home', 'points': 56, 'stats': [{'category': 'fumblesRecovered', 'stat': '0'}, {'category': 'rushingTDs', 'stat': '6'}, {'category': 'puntReturnYards', 'stat': '66'}, {'category': 'puntReturnTDs', 'stat': '0'}, {'category': 'puntReturns', 'stat': '5'}, {'category': 'passingTDs', 'stat': '0'}, {'category': 'kickReturnYards', 'stat': '138'}, {'category': 'kickReturnTDs', 'stat': '1'}, {'category': 'kickReturns', 'stat': '4'}, {'category': 'kickingPoints', 'stat': '8'}, {'category': 'interceptionYards', 'stat': '16'}, {'category': 'interceptionTDs', 'stat': '1'}, {'category': 'passesIntercepted', 'stat': '1'}, {'category': 'firstDowns', 'stat': '19'}, {'category': 'thirdDownEff', 'stat': '8-12'}, {'category': 'fourthDownEff', 'stat': '0-0'}, {'category': 'totalYards', 'stat': '385'}, {'category': 'netPassingYards', 'stat': '199'}, {'category': 'completionAttempts', 'stat': '16-23'}, {'category': 'yardsPerPass', 'stat': '8.7'}, {'category': 'rushingYards', 'stat': '186'}, {'category': 'rushingAttempts', 'stat': '39'}, {'category': 'yardsPerRushAttempt', 'stat': '4.8'}, {'category': 'totalPenaltiesYards', 'stat': '0-0'}, {'category': 'turnovers', 'stat': '1'}, {'category': 'fumblesLost', 'stat': '1'}, {'category': 'interceptions', 'stat': '0'}, {'category': 'possessionTime', 'stat': '25:06'}]}, {'school': 'UNLV', 'conference': 'Mountain West', 'homeAway': 'away', 'points': 9, 'stats': [{'category': 'fumblesRecovered', 'stat': '1'}, {'category': 'rushingTDs', 'stat': '0'}, {'category': 'puntReturnYards', 'stat': '4'}, {'category': 'puntReturnTDs', 'stat': '0'}, {'category': 'puntReturns', 'stat': '2'}, {'category': 'passingTDs', 'stat': '0'}, {'category': 'kickReturnYards', 'stat': '195'}, {'category': 'kickReturnTDs', 'stat': '0'}, {'category': 'kickReturns', 'stat': '9'}, {'category': 'kickingPoints', 'stat': '9'}, {'category': 'firstDowns', 'stat': '6'}, {'category': 'thirdDownEff', 'stat': '0-15'}, {'category': 'fourthDownEff', 'stat': '2-2'}, {'category': 'totalYards', 'stat': '164'}, {'category': 'netPassingYards', 'stat': '56'}, {'category': 'completionAttempts', 'stat': '4-12'}, {'category': 'yardsPerPass', 'stat': '4.0'}, {'category': 'rushingYards', 'stat': '116'}, {'category': 'rushingAttempts', 'stat': '42'}, {'category': 'yardsPerRushAttempt', 'stat': '2.8'}, {'category': 'totalPenaltiesYards', 'stat': '6-64'}, {'category': 'turnovers', 'stat': '1'}, {'category': 'fumblesLost', 'stat': '0'}, {'category': 'interceptions', 'stat': '1'}, {'category': 'possessionTime', 'stat': '18:00'}]}]",
313370036,"[{'school': 'Colorado State', 'conference': 'Mountain West', 'homeAway': 'home', 'points': 19, 'stats': [{'category': 'fumblesRecovered', 'stat': '1'}, {'category': 'rushingTDs', 'stat': '2'}, {'category': 'puntReturnYards', 'stat': '26'}, {'category': 'puntReturnTDs', 'stat': '0'}, {'category': 'puntReturns', 'stat': '3'}, {'category': 'passingTDs', 'stat': '0'}, {'category': 'kickReturnYards', 'stat': '110'}, {'category': 'kickReturnTDs', 'stat': '0'}, {'category': 'kickReturns', 'stat': '4'}, {'category': 'kickingPoints', 'stat': '7'}, {'category': 'interceptionYards', 'stat': '2'}, {'category': 'interceptionTDs', 'stat': '0'}, {'category': 'passesIntercepted', 'stat': '2'}, {'category': 'firstDowns', 'stat': '25'}, {'category': 'thirdDownEff', 'stat': '6-15'}, {'category': 'fourthDownEff', 'stat': '1-2'}, {'category': 'totalYards', 'stat': '406'}, {'category': 'netPassingYards', 'stat': '164'}, {'category': 'completionAttempts', 'stat': '15-26'}, {'category': 'yardsPerPass', 'stat': '5.5'}, {'category': 'rushingYards', 'stat': '263'}, {'category': 'rushingAttempts', 'stat': '51'}, {'category': 'yardsPerRushAttempt', 'stat': '5.2'}, {'category': 'totalPenaltiesYards', 'stat': '9-71'}, {'category': 'turnovers', 'stat': '3'}, {'category': 'fumblesLost', 'stat': '0'}, {'category': 'interceptions', 'stat': '3'}, {'category': 'possessionTime', 'stat': '20:35'}]}, {'school': 'Wyoming', 'conference': 'Mountain West', 'homeAway': 'away', 'points': 22, 'stats': [{'category': 'fumblesRecovered', 'stat': '0'}, {'category': 'rushingTDs', 'stat': '1'}, {'category': 'puntReturnYards', 'stat': '8'}, {'category': 'puntReturnTDs', 'stat': '0'}, {'category': 'puntReturns', 'stat': '2'}, {'category': 'passingTDs', 'stat': '2'}, {'category': 'kickReturnYards', 'stat': '78'}, {'category': 'kickReturnTDs', 'stat': '0'}, {'category': 'kickReturns', 'stat': '5'}, {'category': 'kickingPoints', 'stat': '2'}, {'category': 'interceptionYards', 'stat': '8'}, {'category': 'interceptionTDs', 'stat': '0'}, {'category': 'passesIntercepted', 'stat': '3'}, {'category': 'firstDowns', 'stat': '18'}, {'category': 'thirdDownEff', 'stat': '6-14'}, {'category': 'fourthDownEff', 'stat': '0-0'}, {'category': 'totalYards', 'stat': '416'}, {'category': 'netPassingYards', 'stat': '191'}, {'category': 'completionAttempts', 'stat': '11-23'}, {'category': 'yardsPerPass', 'stat': '8.3'}, {'category': 'rushingYards', 'stat': '225'}, {'category': 'rushingAttempts', 'stat': '41'}, {'category': 'yardsPerRushAttempt', 'stat': '5.5'}, {'category': 'totalPenaltiesYards', 'stat': '8-98'}, {'category': 'turnovers', 'stat': '3'}, {'category': 'fumblesLost', 'stat': '1'}, {'category': 'interceptions', 'stat': '2'}, {'category': 'possessionTime', 'stat': '15:56'}]}]",
313372306,"[{'school': 'Kansas State', 'conference': 'Big 12', 'homeAway': 'home', 'points': 30, 'stats': [{'category': 'fumblesRecovered', 'stat': '1'}, {'category': 'rushingTDs', 'stat': '2'}, {'category': 'puntReturnYards', 'stat': '16'}, {'category': 'puntReturnTDs', 'stat': '0'}, {'category': 'puntReturns', 'stat': '3'}, {'category': 'passingTDs', 'stat': '1'}, {'category': 'kickReturnYards', 'stat': '97'}, {'category': 'kickReturnTDs', 'stat': '0'}, {'category': 'kickReturns', 'stat': '5'}, {'category': 'kickingPoints', 'stat': '12'}, {'category': 'interceptionYards', 'stat': '0'}, {'category': 'interceptionTDs', 'stat': '0'}, {'category': 'passesIntercepted', 'stat': '1'}, {'category': 'firstDowns', 'stat': '20'}, {'category': 'thirdDownEff', 'stat': '4-12'}, {'category': 'fourthDownEff', 'stat': '0-0'}, {'category': 'totalYards', 'stat': '359'}, {'category': 'netPassingYards', 'stat': '169'}, {'category': 'completionAttempts', 'stat': '7-15'}, {'category': 'yardsPerPass', 'stat': '10.5'}, {'category': 'rushingYards', 'stat': '201'}, {'category': 'rushingAttempts', 'stat': '45'}, {'category': 'yardsPerRushAttempt', 'stat': '4.5'}, {'category': 'totalPenaltiesYards', 'stat': '2-20'}, {'category': 'turnovers', 'stat': '0'}, {'category': 'fumblesLost', 'stat': '0'}, {'category': 'interceptions', 'stat': '0'}, {'category': 'possessionTime', 'stat': '17:40'}]}, {'school': 'Iowa State', 'conference': 'Big 12', 'homeAway': 'away', 'points': 23, 'stats': [{'category': 'fumblesRecovered', 'stat': '0'}, {'category': 'rushingTDs', 'stat': '2'}, {'category': 'puntReturnYards', 'stat': '0'}, {'category': 'puntReturnTDs', 'stat': '0'}, {'category': 'puntReturns', 'stat': '2'}, {'category': 'passingTDs', 'stat': '1'}, {'category': 'kickReturnYards', 'stat': '174'}, {'category': 'kickReturnTDs', 'stat': '0'}, {'category': 'kickReturns', 'stat': '7'}, {'category': 'kickingPoints', 'stat': '5'}, {'category': 'firstDowns', 'stat': '24'}, {'category': 'thirdDownEff', 'stat': '9-17'}, {'category': 'fourthDownEff', 'stat': '2-4'}, {'category': 'totalYards', 'stat': '368'}, {'category': 'netPassingYards', 'stat': '163'}, {'category': 'completionAttempts', 'stat': '15-27'}, {'category': 'yardsPerPass', 'stat': '5.7'}, {'category': 'rushingYards', 'stat': '215'}, {'category': 'rushingAttempts', 'stat': '51'}, {'category': 'yardsPerRushAttempt', 'stat': '4.2'}, {'category': 'totalPenaltiesYards', 'stat': '4-30'}, {'category': 'turnovers', 'stat': '2'}, {'category': 'fumblesLost', 'stat': '1'}, {'category': 'interceptions', 'stat': '1'}, {'category': 'possessionTime', 'stat': '19:00'}]}]",
313372132,"[{'school': 'Connecticut', 'conference': 'Big East', 'homeAway': 'away', 'points': 27, 'stats': [{'category': 'fumblesRecovered', 'stat': '1'}, {'category': 'rushingTDs', 'stat': '0'}, {'category': 'puntReturnYards', 'stat': '-2'}, {'category': 'puntReturnTDs', 'stat': '0'}, {'category': 'puntReturns', 'stat': '4'}, {'category': 'passingTDs', 'stat': '2'}, {'category': 'kickReturnYards', 'stat': '97'}, {'category': 'kickReturnTDs', 'stat': '0'}, {'category': 'kickReturns', 'stat': '5'}, {'category': 'kickingPoints', 'stat': '13'}, {'category': 'interceptionYards', 'stat': '9'}, {'category': 'interceptionTDs', 'stat': '0'}, {'category': 'passesIntercepted', 'stat': '2'}, {'category': 'firstDowns', 'stat': '15'}, {'category': 'thirdDownEff', 'stat': '3-16'}, {'category': 'fourthDownEff', 'stat': '1-1'}, {'category': 'totalYards', 'stat': '270'}, {'category': 'netPassingYards', 'stat': '297'}, {'category': 'completionAttempts', 'stat': '20-40'}, {'category': 'yardsPerPass', 'stat': '6.3'}, {'category': 'rushingYards', 'stat': '18'}, {'category': 'rushingAttempts', 'stat': '34'}, {'category': 'yardsPerRushAttempt', 'stat': '0.5'}, {'category': 'totalPenaltiesYards', 'stat': '8-65'}, {'category': 'turnovers', 'stat': '3'}, {'category': 'fumblesLost', 'stat': '2'}, {'category': 'interceptions', 'stat': '1'}, {'category': 'possessionTime', 'stat': '18:53'}]}, {'school': 'Cincinnati', 'conference': 'Big East', 'homeAway': 'home', 'points': 35, 'stats': [{'category': 'fumblesRecovered', 'stat': '2'}, {'category': 'rushingTDs', 'stat': '0'}, {'category': 'puntReturnYards', 'stat': '21'}, {'category': 'puntReturnTDs', 'stat': '0'}, {'category': 'puntReturns', 'stat': '6'}, {'category': 'passingTDs', 'stat': '3'}, {'category': 'kickReturnYards', 'stat': '169'}, {'category': 'kickReturnTDs', 'stat': '0'}, {'category': 'kickReturns', 'stat': '6'}, {'category': 'kickingPoints', 'stat': '5'}, {'category': 'interceptionYards', 'stat': '15'}, {'category': 'interceptionTDs', 'stat': '1'}, {'category': 'passesIntercepted', 'stat': '1'}, {'category': 'firstDowns', 'stat': '18'}, {'category': 'thirdDownEff', 'stat': '6-16'}, {'category': 'fourthDownEff', 'stat': '0-1'}, {'category': 'totalYards', 'stat': '319'}, {'category': 'netPassingYards', 'stat': '224'}, {'category': 'completionAttempts', 'stat': '15-35'}, {'category': 'yardsPerPass', 'stat': '6.2'}, {'category': 'rushingYards', 'stat': '102'}, {'category': 'rushingAttempts', 'stat': '40'}, {'category': 'yardsPerRushAttempt', 'stat': '2.5'}, {'category': 'totalPenaltiesYards', 'stat': '9-92'}, {'category': 'turnovers', 'stat': '3'}, {'category': 'fumblesLost', 'stat': '1'}, {'category': 'interceptions', 'stat': '2'}, {'category': 'possessionTime', 'stat': '17:15'}]}]",
313370248,"[{'school': 'Southern Mississippi', 'conference': 'Conference USA', 'homeAway': 'away', 'points': 49, 'stats': [{'category': 'fumblesRecovered', 'stat': '0'}, {'category': 'rushingTDs', 'stat': '1'}, {'category': 'puntReturnYards', 'stat': '51'}, {'category': 'puntReturnTDs', 'stat': '1'}, {'category': 'puntReturns', 'stat': '3'}, {'category': 'passingTDs', 'stat': '4'}, {'category': 'kickReturnYards', 'stat': '37'}, {'category': 'kickReturnTDs', 'stat': '0'}, {'category': 'kickReturns', 'stat': '3'}, {'category': 'kickingPoints', 'stat': '7'}, {'category': 'interceptionYards', 'stat': '26'}, {'category': 'interceptionTDs', 'stat': '1'}, {'category': 'passesIntercepted', 'stat': '2'}, {'category': 'firstDowns', 'stat': '21'}, {'category': 'thirdDownEff', 'stat': '8-18'}, {'category': 'fourthDownEff', 'stat': '0-1'}, {'category': 'totalYards', 'stat': '486'}, {'category': 'netPassingYards', 'stat': '279'}, {'category': 'completionAttempts', 'stat': '17-34'}, {'category': 'yardsPerPass', 'stat': '8.2'}, {'category': 'rushingYards', 'stat': '207'}, {'category': 'rushingAttempts', 'stat': '39'}, {'category': 'yardsPerRushAttempt', 'stat': '5.3'}, {'category': 'totalPenaltiesYards', 'stat': '12-85'}, {'category': 'turnovers', 'stat': '3'}, {'category': 'fumblesLost', 'stat': '1'}, {'category': 'interceptions', 'stat': '2'}, {'category': 'possessionTime', 'stat': '16:47'}]}, {'school': 'Houston', 'conference': 'Conference USA', 'homeAway': 'home', 'points': 28, 'stats': [{'category': 'fumblesRecovered', 'stat': '1'}, {'category': 'rushingTDs', 'stat': '2'}, {'category': 'puntReturnYards', 'stat': '0'}, {'category': 'puntReturnTDs', 'stat': '0'}, {'category': 'puntReturns', 'stat': '2'}, {'category': 'passingTDs', 'stat': '2'}, {'category': 'kickReturnYards', 'stat': '97'}, {'category': 'kickReturnTDs', 'stat': '0'}, {'category': 'kickReturns', 'stat': '5'}, {'category': 'kickingPoints', 'stat': '4'}, {'category': 'interceptionYards', 'stat': '25'}, {'category': 'interceptionTDs', 'stat': '0'}, {'category': 'passesIntercepted', 'stat': '2'}, {'category': 'firstDowns', 'stat': '27'}, {'category': 'thirdDownEff', 'stat': '6-20'}, {'category': 'fourthDownEff', 'stat': '3-6'}, {'category': 'totalYards', 'stat': '428'}, {'category': 'netPassingYards', 'stat': '409'}, {'category': 'completionAttempts', 'stat': '41-67'}, {'category': 'yardsPerPass', 'stat': '5.6'}, {'category': 'rushingYards', 'stat': '55'}, {'category': 'rushingAttempts', 'stat': '31'}, {'category': 'yardsPerRushAttempt', 'stat': '1.8'}, {'category': 'totalPenaltiesYards', 'stat': '5-45'}, {'category': 'turnovers', 'stat': '2'}, {'category': 'fumblesLost', 'stat': '0'}, {'category': 'interceptions', 'stat': '2'}, {'category': 'possessionTime', 'stat': '19:53'}]}]",
313370221,"[{'school': 'Syracuse', 'conference': 'Big East', 'homeAway': 'away', 'points': 20, 'stats': [{'category': 'fumblesRecovered', 'stat': '0'}, {'category': 'rushingTDs', 'stat': '1'}, {'category': 'puntReturnYards', 'stat': '0'}, {'category': 'puntReturnTDs', 'stat': '0'}, {'category': 'puntReturns', 'stat': '2'}, {'category': 'passingTDs', 'stat': '1'}, {'category': 'kickReturnYards', 'stat': '70'}, {'category': 'kickReturnTDs', 'stat': '0'}, {'category': 'kickReturns', 'stat': '4'}, {'category': 'kickingPoints', 'stat': '8'}, {'category': 'interceptionYards', 'stat': '32'}, {'category': 'interceptionTDs', 'stat': '0'}, {'category': 'passesIntercepted', 'stat': '1'}, {'category': 'firstDowns', 'stat': '20'}, {'category': 'thirdDownEff', 'stat': '6-13'}, {'category': 'fourthDownEff', 'stat': '1-1'}, {'category': 'totalYards', 'stat': '345'}, {'category': 'netPassingYards', 'stat': '235'}, {'category': 'completionAttempts', 'stat': '23-32'}, {'category': 'yardsPerPass', 'stat': '7.0'}, {'category': 'rushingYards', 'stat': '120'}, {'category': 'rushingAttempts', 'stat': '35'}, {'category': 'yardsPerRushAttempt', 'stat': '3.4'}, {'category': 'totalPenaltiesYards', 'stat': '10-95'}, {'category': 'turnovers', 'stat': '6'}, {'category': 'fumblesLost', 'stat': '4'}, {'category': 'interceptions', 'stat': '2'}, {'category': 'possessionTime', 'stat': '19:27'}]}, {'school': 'Pittsburgh', 'conference': 'Big East', 'homeAway': 'home', 'points': 33, 'stats': [{'category': 'fumblesRecovered', 'stat': '4'}, {'category': 'rushingTDs', 'stat': '1'}, {'category': 'puntReturnYards', 'stat': '3'}, {'category': 'puntReturnTDs', 'stat': '0'}, {'category': 'puntReturns', 'stat': '2'}, {'category': 'passingTDs', 'stat': '1'}, {'category': 'kickReturnYards', 'stat': '95'}, {'category': 'kickReturnTDs', 'stat': '0'}, {'category': 'kickReturns', 'stat': '5'}, {'category': 'kickingPoints', 'stat': '15'}, {'category': 'interceptionYards', 'stat': '0'}, {'category': 'interceptionTDs', 'stat': '0'}, {'category': 'passesIntercepted', 'stat': '2'}, {'category': 'firstDowns', 'stat': '20'}, {'category': 'thirdDownEff', 'stat': '4-14'}, {'category': 'fourthDownEff', 'stat': '0-0'}, {'category': 'totalYards', 'stat': '333'}, {'category': 'netPassingYards', 'stat': '282'}, {'category': 'completionAttempts', 'stat': '25-35'}, {'category': 'yardsPerPass', 'stat': '7.4'}, {'category': 'rushingYards', 'stat': '74'}, {'category': 'rushingAttempts', 'stat': '35'}, {'category': 'yardsPerRushAttempt', 'stat': '2.1'}, {'category': 'totalPenaltiesYards', 'stat': '2-20'}, {'category': 'turnovers', 'stat': '1'}, {'category': 'fumblesLost', 'stat': '0'}, {'category': 'interceptions', 'stat': '1'}, {'category': 'possessionTime', 'stat': '17:13'}]}]",
313362483,"[{'school': 'Oregon', 'conference': 'Pac-12', 'homeAway': 'home', 'points': 49, 'stats': [{'category': 'fumblesRecovered', 'stat': '3'}, {'category': 'rushingTDs', 'stat': '4'}, {'category': 'puntReturnYards', 'stat': '6'}, {'category': 'puntReturnTDs', 'stat': '0'}, {'category': 'puntReturns', 'stat': '2'}, {'category': 'passingTDs', 'stat': '3'}, {'category': 'kickReturnYards', 'stat': '94'}, {'category': 'kickReturnTDs', 'stat': '0'}, {'category': 'kickReturns', 'stat': '3'}, {'category': 'kickingPoints', 'stat': '7'}, {'category': 'interceptionYards', 'stat': '0'}, {'category': 'interceptionTDs', 'stat': '0'}, {'category': 'passesIntercepted', 'stat': '1'}, {'category': 'firstDowns', 'stat': '21'}, {'category': 'thirdDownEff', 'stat': '6-17'}, {'category': 'fourthDownEff', 'stat': '4-7'}, {'category': 'totalYards', 'stat': '571'}, {'category': 'netPassingYards', 'stat': '219'}, {'category': 'completionAttempts', 'stat': '20-36'}, {'category': 'yardsPerPass', 'stat': '6.1'}, {'category': 'rushingYards', 'stat': '352'}, {'category': 'rushingAttempts', 'stat': '50'}, {'category': 'yardsPerRushAttempt', 'stat': '7.0'}, {'category': 'totalPenaltiesYards', 'stat': '10-120'}, {'category': 'turnovers', 'stat': '2'}, {'category': 'fumblesLost', 'stat': '1'}, {'category': 'interceptions', 'stat': '1'}, {'category': 'possessionTime', 'stat': '17:13'}]}, {'school': 'UCLA', 'conference': 'Pac-12', 'homeAway': 'away', 'points': 31, 'stats': [{'category': 'fumblesRecovered', 'stat': '1'}, {'category': 'rushingTDs', 'stat': '1'}, {'category': 'puntReturnYards', 'stat': '20'}, {'category': 'puntReturnTDs', 'stat': '0'}, {'category': 'puntReturns', 'stat': '1'}, {'category': 'passingTDs', 'stat': '2'}, {'category': 'kickReturnYards', 'stat': '124'}, {'category': 'kickReturnTDs', 'stat': '0'}, {'category': 'kickReturns', 'stat': '7'}, {'category': 'kickingPoints', 'stat': '7'}, {'category': 'interceptionYards', 'stat': '35'}, {'category': 'interceptionTDs', 'stat': '1'}, {'category': 'passesIntercepted', 'stat': '1'}, {'category': 'firstDowns', 'stat': '20'}, {'category': 'thirdDownEff', 'stat': '7-15'}, {'category': 'fourthDownEff', 'stat': '1-3'}, {'category': 'totalYards', 'stat': '337'}, {'category': 'netPassingYards', 'stat': '194'}, {'category': 'completionAttempts', 'stat': '14-28'}, {'category': 'yardsPerPass', 'stat': '6.3'}, {'category': 'rushingYards', 'stat': '160'}, {'category': 'rushingAttempts', 'stat': '43'}, {'category': 'yardsPerRushAttempt', 'stat': '3.7'}, {'category': 'totalPenaltiesYards', 'stat': '3-20'}, {'category': 'turnovers', 'stat': '4'}, {'category': 'fumblesLost', 'stat': '3'}, {'category': 'interceptions', 'stat': '1'}, {'category': 'possessionTime', 'stat': '19:27'}]}]",
313362459,"[{'school': 'Ohio', 'conference': 'Mid-American', 'homeAway': 'away', 'points': 20, 'stats': [{'category': 'fumblesRecovered', 'stat': '3'}, {'category': 'rushingTDs', 'stat': '1'}, {'category': 'puntReturnYards', 'stat': '-2'}, {'category': 'puntReturnTDs', 'stat': '0'}, {'category': 'puntReturns', 'stat': '5'}, {'category': 'passingTDs', 'stat': '1'}, {'category': 'kickReturnYards', 'stat': '90'}, {'category': 'kickReturnTDs', 'stat': '0'}, {'category': 'kickReturns', 'stat': '4'}, {'category': 'kickingPoints', 'stat': '8'}, {'category': 'interceptionYards', 'stat': '8'}, {'category': 'interceptionTDs', 'stat': '0'}, {'category': 'passesIntercepted', 'stat': '1'}, {'category': 'firstDowns', 'stat': '21'}, {'category': 'thirdDownEff', 'stat': '7-18'}, {'category': 'fourthDownEff', 'stat': '1-1'}, {'category': 'totalYards', 'stat': '372'}, {'category': 'netPassingYards', 'stat': '258'}, {'category': 'completionAttempts', 'stat': '19-32'}, {'category': 'yardsPerPass', 'stat': '7.6'}, {'category': 'rushingYards', 'stat': '130'}, {'category': 'rushingAttempts', 'stat': '39'}, {'category': 'yardsPerRushAttempt', 'stat': '3.3'}, {'category': 'totalPenaltiesYards', 'stat': '5-45'}, {'category': 'turnovers', 'stat': '3'}, {'category': 'fumblesLost', 'stat': '0'}, {'category': 'interceptions', 'stat': '3'}, {'category': 'possessionTime', 'stat': '20:22'}]}, {'school': 'Northern Illinois', 'conference': 'Mid-American', 'homeAway': 'home', 'points': 23, 'stats': [{'category': 'fumblesRecovered', 'stat': '0'}, {'category': 'rushingTDs', 'stat': '0'}, {'category': 'puntReturnYards', 'stat': '0'}, {'category': 'puntReturnTDs', 'stat': '0'}, {'category': 'puntReturns', 'stat': '2'}, {'category': 'passingTDs', 'stat': '3'}, {'category': 'kickReturnYards', 'stat': '61'}, {'category': 'kickReturnTDs', 'stat': '0'}, {'category': 'kickReturns', 'stat': '4'}, {'category': 'kickingPoints', 'stat': '5'}, {'category': 'interceptionYards', 'stat': '11'}, {'category': 'interceptionTDs', 'stat': '0'}, {'category': 'passesIntercepted', 'stat': '3'}, {'category': 'firstDowns', 'stat': '19'}, {'category': 'thirdDownEff', 'stat': '6-13'}, {'category': 'fourthDownEff', 'stat': '0-0'}, {'category': 'totalYards', 'stat': '405'}, {'category': 'netPassingYards', 'stat': '260'}, {'category': 'completionAttempts', 'stat': '16-26'}, {'category': 'yardsPerPass', 'stat': '9.6'}, {'category': 'rushingYards', 'stat': '155'}, {'category': 'rushingAttempts', 'stat': '36'}, {'category': 'yardsPerRushAttempt', 'stat': '4.3'}, {'category': 'totalPenaltiesYards', 'stat': '4-30'}, {'category': 'turnovers', 'stat': '4'}, {'category': 'fumblesLost', 'stat': '3'}, {'category': 'interceptions', 'stat': '1'}, {'category': 'possessionTime', 'stat': '15:50'}]}]",
313350058,"[{'school': 'South Florida', 'conference': 'Big East', 'homeAway': 'home', 'points': 27, 'stats': [{'category': 'fumblesRecovered', 'stat': '1'}, {'category': 'rushingTDs', 'stat': '1'}, {'category': 'puntReturnYards', 'stat': '11'}, {'category': 'puntReturnTDs', 'stat': '0'}, {'category': 'puntReturns', 'stat': '1'}, {'category': 'passingTDs', 'stat': '1'}, {'category': 'kickReturnYards', 'stat': '133'}, {'category': 'kickReturnTDs', 'stat': '0'}, {'category': 'kickReturns', 'stat': '5'}, {'category': 'kickingPoints', 'stat': '9'}, {'category': 'interceptionYards', 'stat': '24'}, {'category': 'interceptionTDs', 'stat': '1'}, {'category': 'passesIntercepted', 'stat': '2'}, {'category': 'firstDowns', 'stat': '24'}, {'category': 'thirdDownEff', 'stat': '10-19'}, {'category': 'fourthDownEff', 'stat': '0-0'}, {'category': 'totalYards', 'stat': '397'}, {'category': 'netPassingYards', 'stat': '235'}, {'category': 'completionAttempts', 'stat': '21-44'}, {'category': 'yardsPerPass', 'stat': '5.1'}, {'category': 'rushingYards', 'stat': '171'}, {'category': 'rushingAttempts', 'stat': '39'}, {'category': 'yardsPerRushAttempt', 'stat': '4.4'}, {'category': 'totalPenaltiesYards', 'stat': '9-65'}, {'category': 'turnovers', 'stat': '2'}, {'category': 'fumblesLost', 'stat': '1'}, {'category': 'interceptions', 'stat': '1'}, {'category': 'possessionTime', 'stat': '19:27'}]}, {'school': 'West Virginia', 'conference': 'Big East', 'homeAway': 'away', 'points': 30, 'stats': [{'category': 'fumblesRecovered', 'stat': '1'}, {'category': 'rushingTDs', 'stat': '1'}, {'category': 'puntReturnYards', 'stat': '16'}, {'category': 'puntReturnTDs', 'stat': '0'}, {'category': 'puntReturns', 'stat': '3'}, {'category': 'passingTDs', 'stat': '0'}, {'category': 'kickReturnYards', 'stat': '165'}, {'category': 'kickReturnTDs', 'stat': '1'}, {'category': 'kickReturns', 'stat': '5'}, {'category': 'kickingPoints', 'stat': '12'}, {'category': 'interceptionYards', 'stat': '52'}, {'category': 'interceptionTDs', 'stat': '1'}, {'category': 'passesIntercepted', 'stat': '1'}, {'category': 'firstDowns', 'stat': '17'}, {'category': 'thirdDownEff', 'stat': '2-14'}, {'category': 'fourthDownEff', 'stat': '3-3'}, {'category': 'totalYards', 'stat': '364'}, {'category': 'netPassingYards', 'stat': '246'}, {'category': 'completionAttempts', 'stat': '23-36'}, {'category': 'yardsPerPass', 'stat': '6.6'}, {'category': 'rushingYards', 'stat': '127'}, {'category': 'rushingAttempts', 'stat': '30'}, {'category': 'yardsPerRushAttempt', 'stat': '4.2'}, {'category': 'totalPenaltiesYards', 'stat': '8-79'}, {'category': 'turnovers', 'stat': '3'}, {'category': 'fumblesLost', 'stat': '1'}, {'category': 'interceptions', 'stat': '2'}, {'category': 'possessionTime', 'stat': '17:39'}]}]",
